{
  "quotes": [
    {
      "text": "The only way to do great work is to love what you do.",
      "author": "Steve Jobs"
    },
    {
      "text": "Innovation distinguishes between a leader and a follower.",
      "author": "Steve Jobs"
    },
    {
      "text": "Life is what happens to you while you're busy making other plans.",
      "author": "John Lennon"
    },
    {
      "text": "The future belongs to those who believe in the beauty of their dreams.",
      "author": "Eleanor Roosevelt"
    },
    {
      "text": "It is during our darkest moments that we must focus to see the light.",
      "author": "Aristotle"
    },
    {
      "text": "The only impossible journey is the one you never begin.",
      "author": "Tony Robbins"
    },
    {
      "text": "Success is not final, failure is not fatal: it is the courage to continue that counts.",
      "author": "Winston Churchill"
    },
    {
      "text": "The way to get started is to quit talking and begin doing.",
      "author": "Walt Disney"
    },
    {
      "text": "Don't let yesterday take up too much of today.",
      "author": "Will Rogers"
    },
    {
      "text": "You learn more from failure than from success. Don't let it stop you. Failure builds character.",
      "author": "Unknown"
    },
    {
      "text": "If you are working on something that you really care about, you don't have to be pushed. The vision pulls you.",
      "author": "Steve Jobs"
    },
    {
      "text": "People who are crazy enough to think they can change the world, are the ones who do.",
      "author": "Rob Siltanen"
    },
    {
      "text": "Failure will never overtake me if my determination to succeed is strong enough.",
      "author": "Og Mandino"
    },
    {
      "text": "We may encounter many defeats but we must not be defeated.",
      "author": "Maya Angelou"
    },
    {
      "text": "Knowing is not enough; we must apply. Wishing is not enough; we must do.",
      "author": "Johann Wolfgang von Goethe"
    },
    {
      "text": "Imagine your life is perfect in every respect; what would it look like?",
      "author": "Brian Tracy"
    },
    {
      "text": "We generate fears while we sit. We overcome them by action.",
      "author": "Dr. Henry Link"
    },
    {
      "text": "Whether you think you can or think you can't, you're right.",
      "author": "Henry Ford"
    },
    {
      "text": "Security is mostly a superstition. Life is either a daring adventure or nothing.",
      "author": "Helen Keller"
    },
    {
      "text": "The man who has confidence in himself gains the confidence of others.",
      "author": "Hasidic Proverb"
    },
    {
      "text": "The only person you are destined to become is the person you decide to be.",
      "author": "Ralph Waldo Emerson"
    },
    {
      "text": "Go confidently in the direction of your dreams. Live the life you have imagined.",
      "author": "Henry David Thoreau"
    },
    {
      "text": "When I was 5 years old, my mother always told me that happiness was the key to life. When I went to school, they asked me what I wanted to be when I grew up. I wrote down 'happy'. They told me I didn't understand the assignment, and I told them they didn't understand life.",
      "author": "John Lennon"
    },
    {
      "text": "Fall seven times and stand up eight.",
      "author": "Japanese Proverb"
    },
    {
      "text": "When one door of happiness closes, another opens, but often we look so long at the closed door that we do not see the one that has been opened for us.",
      "author": "Helen Keller"
    },
    {
      "text": "Everything you've ever wanted is on the other side of fear.",
      "author": "George Addair"
    },
    {
      "text": "Champions keep playing until they get it right.",
      "author": "Billie Jean King"
    },
    {
      "text": "I have learned over the years that when one's mind is made up, this diminishes fear.",
      "author": "Rosa Parks"
    },
    {
      "text": "I can't change the direction of the wind, but I can adjust my sails to always reach my destination.",
      "author": "Jimmy Dean"
    },
    {
      "text": "If you look at what you have in life, you'll always have more.",
      "author": "Oprah Winfrey"
    },
    {
      "text": "What lies behind us and what lies before us are tiny matters compared to what lies within us.",
      "author": "Ralph Waldo Emerson"
    },
    {
      "text": "If you want to lift yourself up, lift up someone else.",
      "author": "Booker T. Washington"
    },
    {
      "text": "I have been impressed with the urgency of doing. Knowing is not enough; we must apply. Being willing is not enough; we must do.",
      "author": "Leonardo da Vinci"
    },
    {
      "text": "Limitations live only in our minds. But if we use our imaginations, our possibilities become limitless.",
      "author": "Jamie Paolinetti"
    },
    {
      "text": "You are never too old to set another goal or to dream a new dream.",
      "author": "C.S. Lewis"
    },
    {
      "text": "Try to be a rainbow in someone's cloud.",
      "author": "Maya Angelou"
    },
    {
      "text": "It is better to fail in originality than to succeed in imitation.",
      "author": "Herman Melville"
    },
    {
      "text": "The road to success and the road to failure are almost exactly the same.",
      "author": "Colin R. Davis"
    },
    {
      "text": "Success is liking yourself, liking what you do, and liking how you do it.",
      "author": "Maya Angelou"
    },
    {
      "text": "As we work to create light for others, we naturally light our own way.",
      "author": "Mary Anne Radmacher"
    },
    {
      "text": "Definiteness of purpose is the starting point of all achievement.",
      "author": "W. Clement Stone"
    },
    {
      "text": "The way to get started is to quit talking and begin doing.",
      "author": "Walt Disney"
    },
    {
      "text": "Education is the most powerful weapon which you can use to change the world.",
      "author": "Nelson Mandela"
    },
    {
      "text": "If you want to achieve excellence, you can get there today. As of this second, quit doing less-than-excellent work.",
      "author": "Thomas J. Watson"
    },
    {
      "text": "Life is 10% what happens to you and 90% how you react to it.",
      "author": "Charles R. Swindoll"
    },
    {
      "text": "The most difficult thing is the decision to act, the rest is merely tenacity.",
      "author": "Amelia Earhart"
    },
    {
      "text": "Every strike brings me closer to the next home run.",
      "author": "Babe Ruth"
    },
    {
      "text": "Life is really simple, but we insist on making it complicated.",
      "author": "Confucius"
    },
    {
      "text": "May you live all the days of your life.",
      "author": "Jonathan Swift"
    },
    {
      "text": "Life is a succession of lessons which must be lived to be understood.",
      "author": "Helen Keller"
    }
  ]
}